{"pitch": [-2.859582428895088, 13.052481535630346, 142.74542136693765, 49.9182747538748], "energy": [-1.0507053136825562, 6.204507350921631, 34.67832911829987, 33.004810628274335]}