{"pitch": [-2.9170793047299726, 11.39125453698579, 207.63098600266068, 46.77559025098984], "energy": [-1.431044578552246, 8.184337615966797, 37.32621678862513, 26.044180778285256]}